{"unaligned": 0.0008420166298284391, "acc_norm_ans_ctx": 0.5143097643097643, "acc_no_norm": 0.571969696969697, "acc_norm_tokens": 0.5, "acc_norm_chars": 0.5315656565656566, "acc_norm_words": 0.5513468013468014}