{"unaligned": 0.0008534243652656284, "acc_norm_ans_ctx": 0.31313993174061433, "acc_no_norm": 0.2440273037542662, "acc_norm_tokens": 0.26621160409556316, "acc_norm_chars": 0.27303754266211605, "acc_norm_words": 0.2781569965870307}