{"unaligned": 0.04709480122324159, "acc_no_norm": 0.5321100917431193, "acc_norm_tokens": 0.5321100917431193, "acc_norm_chars": 0.5972477064220183, "acc_norm_words": 0.5321100917431193}