{"unaligned": 0.010854411471818363, "acc_no_norm": 0.3842859988050189, "acc_norm_tokens": 0.4817765385381398, "acc_norm_chars": 0.49681338378809003, "acc_norm_words": 0.476000796654053}