{"unaligned": 0.001632208922742111, "acc_no_norm": 0.6985854189336235, "acc_norm_tokens": 0.7072905331882481, "acc_norm_chars": 0.7034820457018498, "acc_norm_words": 0.6980413492927094}