{"unaligned": 0.6934192200557103, "acc_norm_ans_ctx": 0.42270194986072424, "acc_no_norm": 0.39763231197771587, "acc_norm_tokens": 0.4373259052924791, "acc_norm_chars": 0.42409470752089135, "acc_norm_words": 0.44637883008356544}