{"unaligned": 0.010830324909747292, "acc_no_norm": 0.5776173285198556, "acc_norm_tokens": 0.5776173285198556, "acc_norm_chars": 0.5740072202166066, "acc_norm_words": 0.5776173285198556}