{"unaligned": 0.09857051418818007, "acc_norm_ans_ctx": 0.32337883959044367, "acc_no_norm": 0.22610921501706485, "acc_norm_tokens": 0.2721843003412969, "acc_norm_chars": 0.2687713310580205, "acc_norm_words": 0.27303754266211605}