{"unaligned": 0.1827176086727713, "acc_norm_ans_ctx": 0.40824915824915825, "acc_no_norm": 0.4187710437710438, "acc_norm_tokens": 0.39436026936026936, "acc_norm_chars": 0.42508417508417506, "acc_norm_words": 0.4276094276094276}