{"unaligned": 0.010854411471818363, "acc_no_norm": 0.4082852021509659, "acc_norm_tokens": 0.5389364668392751, "acc_norm_chars": 0.5452101175064729, "acc_norm_words": 0.5280820553674567}