{"unaligned": 0.0019042437431991295, "acc_no_norm": 0.7007616974972797, "acc_norm_tokens": 0.7072905331882481, "acc_norm_chars": 0.7067464635473341, "acc_norm_words": 0.6980413492927094}