{"unaligned": 0.7399025069637883, "acc_norm_ans_ctx": 0.4011142061281337, "acc_no_norm": 0.32103064066852366, "acc_norm_tokens": 0.37604456824512533, "acc_norm_chars": 0.3816155988857939, "acc_norm_words": 0.3816155988857939}