{"unaligned": 0.7179817038307604, "acc_norm_ans_ctx": 0.368210405946255, "acc_no_norm": 0.3156089193825043, "acc_norm_tokens": 0.33104631217838765, "acc_norm_chars": 0.3493424814179531, "acc_norm_words": 0.33276157804459694}