{"unaligned": 0.03946329913180742, "acc_no_norm": 0.5951065509076559, "acc_norm_tokens": 0.5951065509076559, "acc_norm_chars": 0.5951065509076559, "acc_norm_words": 0.5951065509076559}