{"unaligned": 0.0008420166298284391, "acc_norm_ans_ctx": 0.5193602693602694, "acc_no_norm": 0.5833333333333334, "acc_norm_tokens": 0.5092592592592593, "acc_norm_chars": 0.5185185185185185, "acc_norm_words": 0.5538720538720538}