{"unaligned": 0.0008534243652656284, "acc_norm_ans_ctx": 0.3370307167235495, "acc_no_norm": 0.25, "acc_norm_tokens": 0.2790102389078498, "acc_norm_chars": 0.2858361774744027, "acc_norm_words": 0.2841296928327645}