{"unaligned": 0.010854411471818363, "acc_no_norm": 0.39842660824536946, "acc_norm_tokens": 0.5118502290380402, "acc_norm_chars": 0.5217088229436367, "acc_norm_words": 0.4998008364867556}