{"unaligned": 0.6934192200557103, "acc_norm_ans_ctx": 0.44428969359331477, "acc_no_norm": 0.38997214484679665, "acc_norm_tokens": 0.4338440111420613, "acc_norm_chars": 0.4331476323119777, "acc_norm_words": 0.4331476323119777}