{"unaligned": 0.010830324909747292, "acc_no_norm": 0.4981949458483754, "acc_norm_tokens": 0.4981949458483754, "acc_norm_chars": 0.49097472924187724, "acc_norm_words": 0.4981949458483754}