{"unaligned": 0.0008534243652656284, "acc_norm_ans_ctx": 0.27303754266211605, "acc_no_norm": 0.2235494880546075, "acc_norm_tokens": 0.2431740614334471, "acc_norm_chars": 0.2525597269624573, "acc_norm_words": 0.25853242320819114}