{"unaligned": 0.0008420166298284391, "acc_norm_ans_ctx": 0.4650673400673401, "acc_no_norm": 0.5088383838383839, "acc_norm_tokens": 0.4532828282828283, "acc_norm_chars": 0.4633838383838384, "acc_norm_words": 0.4903198653198653}