{"unaligned": 0.04709480122324159, "acc_no_norm": 0.5865443425076453, "acc_norm_tokens": 0.5865443425076453, "acc_norm_chars": 0.6165137614678899, "acc_norm_words": 0.5865443425076453}