{"unaligned": 0.010854411471818363, "acc_no_norm": 0.3256323441545509, "acc_norm_tokens": 0.38109938259310894, "acc_norm_chars": 0.38498307110137425, "acc_norm_words": 0.3707428799044015}