{"unaligned": 0.001632208922742111, "acc_no_norm": 0.6648531011969532, "acc_norm_tokens": 0.6697497279651795, "acc_norm_chars": 0.6681175190424374, "acc_norm_words": 0.6599564744287268}