{"unaligned": 0.7035448827901658, "acc_norm_ans_ctx": 0.36192109777015435, "acc_no_norm": 0.2964551172098342, "acc_norm_tokens": 0.32275586049170957, "acc_norm_chars": 0.3273299028016009, "acc_norm_words": 0.32361349342481416}