{"unaligned": 0.6934192200557103, "acc_norm_ans_ctx": 0.4115598885793872, "acc_no_norm": 0.362116991643454, "acc_norm_tokens": 0.4087743732590529, "acc_norm_chars": 0.41225626740947074, "acc_norm_words": 0.40459610027855153}