{"unaligned": 0.010830324909747292, "acc_no_norm": 0.5234657039711191, "acc_norm_tokens": 0.5234657039711191, "acc_norm_chars": 0.5306859205776173, "acc_norm_words": 0.5234657039711191}