{"unaligned": 0.012628255722178374, "acc_no_norm": 0.5193370165745856, "acc_norm_tokens": 0.5193370165745856, "acc_norm_chars": 0.5193370165745856, "acc_norm_words": 0.5193370165745856}