{"unaligned": 0.0008534243652656284, "acc_norm_ans_ctx": 0.3165529010238908, "acc_no_norm": 0.23122866894197952, "acc_norm_tokens": 0.25853242320819114, "acc_norm_chars": 0.25853242320819114, "acc_norm_words": 0.26109215017064846}