{"unaligned": 0.0008420166298284391, "acc_norm_ans_ctx": 0.5033670033670034, "acc_no_norm": 0.5618686868686869, "acc_norm_tokens": 0.4793771043771044, "acc_norm_chars": 0.5122053872053872, "acc_norm_words": 0.5298821548821548}