{"unaligned": 0.04709480122324159, "acc_no_norm": 0.6128440366972477, "acc_norm_tokens": 0.6128440366972477, "acc_norm_chars": 0.6256880733944954, "acc_norm_words": 0.6128440366972477}