{"unaligned": 0.010854411471818363, "acc_no_norm": 0.3866759609639514, "acc_norm_tokens": 0.4849631547500498, "acc_norm_chars": 0.4969129655447122, "acc_norm_words": 0.47470623381796456}