{"unaligned": 0.001632208922742111, "acc_no_norm": 0.704570184983678, "acc_norm_tokens": 0.7149075081610446, "acc_norm_chars": 0.7089227421109902, "acc_norm_words": 0.7094668117519043}