{"unaligned": 0.7035448827901658, "acc_norm_ans_ctx": 0.3747855917667238, "acc_no_norm": 0.32018296169239563, "acc_norm_tokens": 0.34276729559748426, "acc_norm_chars": 0.3507718696397942, "acc_norm_words": 0.34991423670668953}