{"unaligned": 0.6934192200557103, "acc_norm_ans_ctx": 0.43454038997214484, "acc_no_norm": 0.39415041782729804, "acc_norm_tokens": 0.42896935933147634, "acc_norm_chars": 0.41991643454038996, "acc_norm_words": 0.4275766016713092}