{"unaligned": 0.010830324909747292, "acc_no_norm": 0.5487364620938628, "acc_norm_tokens": 0.5487364620938628, "acc_norm_chars": 0.5992779783393501, "acc_norm_words": 0.5487364620938628}