{"unaligned": 0.09857051418818007, "acc_norm_ans_ctx": 0.3165529010238908, "acc_no_norm": 0.24744027303754265, "acc_norm_tokens": 0.2935153583617747, "acc_norm_chars": 0.29436860068259385, "acc_norm_words": 0.28668941979522183}