{"unaligned": 0.1827176086727713, "acc_norm_ans_ctx": 0.4292929292929293, "acc_no_norm": 0.44234006734006737, "acc_norm_tokens": 0.4234006734006734, "acc_norm_chars": 0.45707070707070707, "acc_norm_words": 0.45875420875420875}