{"unaligned": 0.9825688073394495, "acc_no_norm": 0.6217125382262997, "acc_norm_tokens": 0.6217125382262997, "acc_norm_chars": 0.6217125382262997, "acc_norm_words": 0.6217125382262997}