{"unaligned": 0.010854411471818363, "acc_no_norm": 0.45030870344552876, "acc_norm_tokens": 0.607647878908584, "acc_norm_chars": 0.6166102370045807, "acc_norm_words": 0.5945030870344553}