{"unaligned": 0.0019042437431991295, "acc_no_norm": 0.7268770402611534, "acc_norm_tokens": 0.719804134929271, "acc_norm_chars": 0.7295973884657236, "acc_norm_words": 0.7236126224156693}