{"unaligned": 0.7179817038307604, "acc_norm_ans_ctx": 0.38250428816466553, "acc_no_norm": 0.330188679245283, "acc_norm_tokens": 0.3453401943967982, "acc_norm_chars": 0.35877644368210404, "acc_norm_words": 0.3539165237278445}