{"unaligned": 0.7399025069637883, "acc_norm_ans_ctx": 0.42270194986072424, "acc_no_norm": 0.3467966573816156, "acc_norm_tokens": 0.3983286908077994, "acc_norm_chars": 0.4025069637883008, "acc_norm_words": 0.3997214484679666}