{"unaligned": 1.0, "acc_no_norm": 0.5270758122743683, "acc_norm_tokens": 0.5270758122743683, "acc_norm_chars": 0.4729241877256318, "acc_norm_words": 0.5270758122743683}