{"unaligned": 0.03946329913180742, "acc_no_norm": 0.6211523283346487, "acc_norm_tokens": 0.6211523283346487, "acc_norm_chars": 0.6211523283346487, "acc_norm_words": 0.6211523283346487}