{"unaligned": 0.0008420166298284391, "acc_norm_ans_ctx": 0.5416666666666666, "acc_no_norm": 0.6106902356902357, "acc_norm_tokens": 0.531986531986532, "acc_norm_chars": 0.5505050505050505, "acc_norm_words": 0.5782828282828283}