{"unaligned": 0.0008534243652656284, "acc_norm_ans_ctx": 0.34812286689419797, "acc_no_norm": 0.27474402730375425, "acc_norm_tokens": 0.2773037542662116, "acc_norm_chars": 0.30119453924914674, "acc_norm_words": 0.2977815699658703}