{"unaligned": 0.04709480122324159, "acc_no_norm": 0.6152905198776758, "acc_norm_tokens": 0.6152905198776758, "acc_norm_chars": 0.6290519877675841, "acc_norm_words": 0.6152905198776758}