{"unaligned": 0.010854411471818363, "acc_no_norm": 0.4251145190201155, "acc_norm_tokens": 0.561840270862378, "acc_norm_chars": 0.5703047201752639, "acc_norm_words": 0.544214299940251}