{"unaligned": 0.001632208922742111, "acc_no_norm": 0.7290533188248096, "acc_norm_tokens": 0.7317736670293797, "acc_norm_chars": 0.7279651795429815, "acc_norm_words": 0.7176278563656148}