{"unaligned": 0.6934192200557103, "acc_norm_ans_ctx": 0.4533426183844011, "acc_no_norm": 0.41643454038997213, "acc_norm_tokens": 0.43662952646239556, "acc_norm_chars": 0.43941504178272983, "acc_norm_words": 0.4401114206128134}