{"unaligned": 0.010830324909747292, "acc_no_norm": 0.5451263537906137, "acc_norm_tokens": 0.5451263537906137, "acc_norm_chars": 0.5415162454873647, "acc_norm_words": 0.5451263537906137}